year,title,artist,number
1990,희망사항 ,변진섭,52451
1990,사랑일뿐야 ,김민우,53615
1990,유리창엔 비 ,햇빛촌,53088
1990,비오는 날 수채화 ,김현식,104134
1990,마지막 콘서트 ,이승철,58160
1990,그 아픔까지 사랑한거야 ,조정현,1017150
1990,어떤이의 꿈 ,봄여름가을겨울,1104907
1990,슬픈 표정 하지 말아요 ,신해철,53586
1990,보고싶은 얼굴 ,민해경,1878281
1990,사계 ,노래를 찾는 사람들,53062
1990,입영열차안에서 ,김민우,53616
1990,향기로운 추억 (응답하라 1988 삽입곡) ,박학기,53018
1990,텅 빈 마음 ,이승환,531483
1990,찬바람이 불면 ,김지연,664262
1990,넋두리 ,김현식,53159
1990,잊지 말아요 ,최성수,525202
1990,사랑할꺼야 ,이상은 (=Lee-tzsche),91135
1990,마음에 쓰는 편지 ,임백천,67911
1990,눈물나는 날에는 ,푸른하늘,1839744
1990,시청앞 지하철 역에서 ,동물원,3655234
1990,얄미운 사람 ,김지애,52841
1990,채워지지 않는 빈자리 ,이상우,52156
1990,소중한 너 (Duet With 조규찬) ,박선주 (Pak Sun Zoo),842539
1990,추억속의 재회 ,조용필,68931
1990,이 밤이 지나도록 ,푸른하늘,1839752
1990,너에게로 또 다시 ,변진섭,52441
1990,슬픈 바다 ,조정현,1017153
1990,솔아 솔아 푸르른 솔아 ,노래를 찾는 사람들,53060
1990,내일일기 ,오석준,53426
1990,한 여름의 크리스마스 ,이정현,53535
1990,존대말을 써야할지 반말로 얘기해야 할지 ,민해경,3708777
1990,난 그대만을 사랑했나봐 ,박정운,53530
1990,나만의 것 ,김완선,3403849
1990,예정된 시간을 위하여 ,N/A,1080545
1990,인디안 인형처럼 ,Nami (나미),1874936
1990,어느새 ,장필순,520770
1990,당신은 어디 있나요 ,양수경,65728
1990,로라 ,변진섭,52443
1990,사랑으로 ,해바라기,2036548
1990,나만의 그대 ,이상우,51430
1990,내일이 찾아오면 ,박정운,53528
1990,겨울 애상 ,이선희,52945
1990,솔직할 수 있도록 ,최성원,1839723
1990,언제나 타인 ,김수철,1517745
1990,동네 ('응답하라 1988' 삽입곡) ,김현철,51275
1990,칠갑산 ,주병선,1081140
1990,거울이 되어 ,최용준,51590
1990,그때 그날로 ,장호철,3442905
1990,아침(Inst.) ,김민기,622647
1990,자꾸 서성이게 돼 ,박학기,2183426
1991,내사랑 내곁에 (응답하라 1988 삽입곡) ,김현식,49933
1991,이별의 그늘 ,윤상,1695858
1991,미소 속에 비친 그대 ,신승훈,51481
1991,김성호의 회상 ,김성호,50313
1991,삐에로는 우릴 보고 웃지 ,김완선,3403850
1991,너를 사랑하고도 ,전유나,69663
1991,이별의 끝은 어디인가요 ,양수경,65720
1991,그대 슬픔까지 사랑해 ,심신,91373
1991,너를 향한 마음 ,이승환,51976
1991,날 울리지마 ,신승훈,49551
1991,만남 ,노사연,1017208
1991,흩어진 나날들 ,강수지,51930
1991,친구에게 ,김민우,48940
1991,어떤 이별 ,변진섭,1517332
1991,꿈에서 본 거리 ,푸른하늘,1839784
1991,외롭지만 혼자 걸을 수 있어 ,봄여름가을겨울,1104921
1991,내 마음 깊은 곳의 너 ,신해철,91462
1991,이 밤이 지나도록 ,푸른하늘,1839752
1991,이젠 ,이상우,51433
1991,이제 아침이 왔어요 ,최성수,987812
1991,그녀를 만나는 곳 100M 전 ,이상우,51431
1991,텅 빈 거리에서 ,015B,83264
1991,당신은 어디 있나요 ,양수경,65728
1991,기다린 날도 지워질 날도 ,이승환,531488
1991,사랑했지만 ,김광석,3849474
1991,너에게 들려주고 싶은 이야기 ,015B,61514
1991,늦지않았음을 ,송재호,49353
1991,넋두리 ,김현식,53159
1991,당신 ,김정수,1003590
1991,그대가 나에게 ,이승철,58173
1991,이별 아닌 이별 ,이범학,1878583
1991,꿈 ,조용필,52004
1991,시청앞 지하철 역에서 ,동물원,3655234
1991,어느날 문득 ,유열,3592472
1991,소녀시대 ,이승철,49582
1991,그대품에 잠들었으면 ,박정수,1010210
1991,화요일에 비가 내리면 ,박미경,1820033
1991,추억의 책장을 넘기면 ,이선희,64942
1991,이별여행 ,원미연,51471
1991,재즈 카페 ,신해철,57615
1991,그대가 나를 사랑하신다면 ,이선희,51685
1991,미워서 미워질때 ,변진섭,1517335
1991,멀어지는 그 미소 ,이주엽,986381
1991,어떻게든 되겠지 ,변영태,1010489
1991,내사랑 투유 ,조갑경,91049
1991,그리운 이름 ,노래를 찾는 사람들,1185463
1991,항상 기뻐하는 사람들 ,봄여름가을겨울,1104916
1991,몰래한 사랑 ,김지애,608199
1991,그대가 이 세상에 있는 것만으로 ,한동준,504159
1991,안녕 ,신해철,53591
1992,10년전의 일기를 꺼내어 ,봄여름가을겨울,49473
1992,도시인 ,넥스트,49035
1992,아주 오래된 연인들 ,015B,50733
1992,난 알아요 ,서태지와 아이들,50012
1992,또 다른 만남을 위해 ,김민종,463542
1992,보이지 않는 사랑 ,신승훈,49541
1992,대답 없는 너 ,김종서,64056
1992,하룻밤의 꿈 ,이상우,49838
1992,오늘 같은 밤이면 ,박정운,104668
1992,꿈 ,이현우,1414786
1992,N/A,이윤수,78782
1992,내가 아는 한가지 ,이덕진,45926
1992,내가 너를 느끼듯이 ,손지창,49808
1992,한사람을 위한 마음 ,이오공감,1136819
1992,나의 노래 ,김광석,2981575
1992,너를 처음만난 그때 ,박준하,49560
1992,사랑은 차가운 유혹 ,양수경,91058
1992,비애 ,조정현,90355
1992,떠나간 후에 ,015B,1585643
1992,가려진 시간 사이로 ,윤상,1707087
1992,너에게 들려주고 싶은 이야기 ,015B,61514
1992,50년 후의 내모습 ,신해철,57623
1992,미소 ,신해철,49494
1992,별걸다 기억하는 남자 ,노영심,18187
1992,말도 안돼 ,한영애,49918
1992,우연히 ,신승훈,49544
1992,옛이야기 ,김규민,33940
1992,질투 ,유승범,174589
1992,벙어리 바이올린 ,윤설하,77266
1992,그대품에 잠들었으면 ,박정수,1010210
1992,너와 함께 있는 이유 ,변진섭,1517351
1992,그런대로 ,김현철,83360
1992,내사랑 내곁에 (응답하라 1988 삽입곡) ,김현식,49933
1992,내일을 향해 ,신성우,3047051
1992,이 밤이 지나면 ,임재범,49565
1992,타타타 ,김국환,91386
1992,너를 향한 마음 ,이승환,51976
1992,내마음 알겠니 ,강수지,45956
1992,흐린 기억속의 그대 ,현진영,176479
1992,세상에 뿌려진 사랑만큼 ,이승환,51977
1992,애수 ,김완선,3403869
1992,눈 감아봐도 ,박준희,49186
1992,유난히 ,박학기,987122
1992,욕심쟁이 ,심신,91385
1992,옛사랑 ,이문세,1178435
1992,사랑일기 ,김지연,49448
1992,꿈에서 본 거리 ,푸른하늘,1839784
1992,이별 아닌 이별 ,이범학,1878583
1992,추억 만들기 ,김현식,49938
1992,낭랑 18세(Mega Mix) ,한서경,1185072
1993,너를 사랑해 ,한동준,57339
1993,방황 ,이승철,91403
1993,널 사랑하니까 ,신승훈,56288
1993,다시만난 너에게 ,피노키오,54182
1993,애모 ,김수희,1847750
1993,그대안의 블루 ,김현철,111572
1993,너에게 원한건 ,노이즈,54227
1993,나의 노래 ,김광석,2981575
1993,난 멈추지 않는다 ,잼,54414
1993,걸어서 하늘까지 ,장현철,106047
1993,언제나 그 자리에 ,신효범,91104
1993,그래도 이제는 ,김종서,91407
1993,먼 훗날 ,박정운,193014
1993,자아도취 ,푸른하늘,1839185
1993,너의 결혼식 ,윤종신,91406
1993,하여가(何如歌) ,서태지와 아이들,55543
1993,하늘 아래서 (New Version) ,김민종,16936
1993,N/A,이무송,91408
1993,신(新) 인류의 사랑 ,015B,56245
1993,언젠가는 ,이상은 (=Lee-tzsche),54376
1993,첫인상 ,김건모,56880
1993,사랑하지 않을 거야 ,나현희,108031
1993,천년학 (대금 타이틀) ,N/A,1517671
1993,아껴둔 사랑을 위해 ,이주원,54041
1993,모두 잠든 후에 ,김원준,91396
1993,아주 오래된 연인들 ,015B,50733
1993,흔적 ,최유나,1023586
1993,옛 친구에게 ,여행스케치,54362
1993,Say Yes (Part1) ,라종민,4463473
1993,각자의 길 ,EOS(이오에스),1003900
1993,장미의 미소 ,신인수,536778
1993,아라비안 나이트 (Remake) ,김준선 (Adrian K),3052417
1993,그때는 알겠지 ,강수지,91110
1993,햄 ,김승기,54974
1993,너는 왜 ,철이와 미애,50943
1993,그대 내게 다시 ,변진섭,91395
1993,잠 못 드는 밤 비는 내리고 ,김건모,57519
1993,연인 (Original Ver.) ,정석원,2119075
1993,나를 돌아봐 ,듀스,55040
1993,프란다스의 개 ,이승환,532100
1993,이별 없던 세상 ,윤상,56251
1993,지금은 알 수 없어 (My Love) ,김종서,64060
1993,언제나 (Always) ,김원준,56084
1993,처음 그 느낌처럼 ,신승훈,91435
1993,산골 소년의 사랑이야기 ,예민,50627
1993,오프닝/날 울리지마 ,신승훈,57531
1993,내게 ,이승환,532083
1993,너만을 느끼며 ,더 블루,53779
1993,너에게로 가는 길 ,장동건,3052620
1993,슬픈 베아트리체 ,조용필,79614
1994,핑계 ,김건모,56870
1994,사랑할수록 ,부활,55991
1994,달의 몰락 ,김현철,2183382
1994,기억의 습작 ,전람회,61500
1994,오래전 그날 ,윤종신,57583
1994,칵테일 사랑 ,마로니에,1931126
1994,다시만난 너에게 ,피노키오,54182
1994,넌 할 수 있어 ,강산에,38757
1994,립스틱 짙게 바르고 ,임주리,91116
1994,난 널 사랑해 ,신효범,91114
1994,나는 문제 없어 ,황규영,2744663
1994,마법의 성 ,더 클래식,61829
1994,일과 이분의 일 ,투투,3363619
1994,서시 ,신성우,851719
1994,우리는 ,듀스,1675281
1994,멀어져 간 사람아 ,박상민,91475
1994,추억 #1 ,조규찬,742447
1994,그냥 걸었어 ,임종환,56449
1994,넌 언제나 ,모노,1877188
1994,자유시대 ,모자이크,32442
1994,비창 ,이상우,172354
1994,내게 ,이승환,532083
1994,혼자만의 사랑 ,김태영,39348
1994,너를 사랑해 ,한동준,57339
1994,그 후로 오랫동안 ,신승훈,58937
1994,마지막 승부 ,김민교,108385
1994,내가 널 닮아갈 때 ,노이즈,57211
1994,남겨진 독백 ,김종서,524811
1994,그대 사랑안에 머물러 ,김정민,2796367
1994,신(新) 인류의 사랑 ,015B,56245
1994,사랑하고 있다는 걸 ,손지창,33046705
1994,날아라 병아리 ,넥스트,33571
1994,난 너에게 ,민들레,37036
1994,하얀 겨울 ,Mr.2,2323160
1994,늪 ,조관우,59448
1994,기억 속의 멜로디 ,오태호,418014
1994,100일(日)째 만남 ,룰라,32676
1994,N/A,박정운,56846
1994,너 하나만을 위해 ,구본승,3603383
1994,발해를 꿈꾸며 ,서태지와 아이들,91470
1994,N/A,데이지,3048210
1994,오래된 친구 ,빛과 소금,104786
1994,어려워 정말 (Extended Ver.) ,닥터 레게,56962
1994,일어나 ,김광석,2981592
1994,N/A,최연제,458105
1994,너 없는 동안 ,김원준,58967
1994,낯선 사람들 ,낯선 사람들,66221
1994,아름다운 너에게 ,강수지,38890
1994,세상밖으로 ,김종서,524812
1994,난 단지 나일뿐 ,Mr.2,2323166
1995,잘못된 만남 ,김건모,62462
1995,사랑을 할꺼야 ,녹색지대,1622501
1995,이 밤의 끝을 잡고 ,솔리드,66261
1995,슬픈 인연 ,015B,62098
1995,슬프도록 아름다운 ... ,K2 김성면,66052
1995,내게로 ,장혜진,61240
1995,난 행복해 ,이소라,1839641
1995,상상속의 너 ,노이즈,66311
1995,부디 ,윤종신,63313
1995,사랑의 서약 ,한동준,63343
1995,날개 잃은 천사 ,룰라,66240
1995,살다보면 ,권진원,1698660
1995,두바퀴로 가는 자동차 ,김광석,421781
1995,시간이 흐른뒤에 ,피노키오,66156
1995,날 위한 이별 ,김혜림,1620554
1995,머피의 법칙 ,DJ DOC,33146
1995,널 보낸 후에... ,최재훈,58506
1995,너의 곁에 있고 싶어 ,신효범,607938
1995,고요속의 외침 ,R.ef,66366
1995,그리움만 쌓이네 ,노영심,104067
1995,N/A,이장우,63353
1995,포기하지 마 ,성진우,91491
1995,이브의 경고 ,박미경,65305
1995,친구를 위해 ,더 블루,32854
1995,천일동안 ,이승환,63699
1995,날 떠나지마 ,박진영,91487
1995,아담과 이브는 사과를 깨물었다 ,조규찬,62922
1995,이유같지 않은 이유 ,박미경,60807
1995,그 후로 오랫동안 ,신승훈,58937
1995,기억에 남는건 너의 젖은 눈동자 ,박정운,71914
1995,청혼가 ,박진영,64242
1995,내가 날 버린 이유 ,베이시스,66411
1995,유년시절의 기행 ,아낌없이 주는 나무,66447
1995,굴레를 벗어나 (Mo Funk Ver.) ,듀스,1675397
1995,끝난 건가요 ,김현철,104941
1995,산다는 건 다 그런게 아니겠니 ,여행스케치,61776
1995,어떤 그리움 ,이은미,91124
1995,뭐야 이건 ,지니,66475
1995,세상은 나에게 ,김원준,991976
1995,N/A,투투,66507
1995,가질수 없는 너 ,뱅크,3793378
1995,왕자와 병사들 ,모자이크,66397
1995,수퍼맨의 비애 (Feat. Proud Marry) ,DJ DOC,1839375
1995,N/A,최민수 (Flyger),170430
1995,흔들리지마 ,강수지,38931
1995,내일이 오면 ,양수경,61181
1995,영원한 사랑 (WITH LONDON METROPOLITAN ORCHESTRA) ,이문세,1698066
1995,하루 ,장필순,32995509
1995,오렌지 향기속으로 ,피아노,62151
1995,내가 만일 ,안치환,1719746
1996,달팽이 ,패닉,33189
1996,내가 만일 ,안치환,1719746
1996,널 사랑하겠어 ,동물원,33206
1996,모래성 ,조관우,64565
1996,영원히 내게 ,안상수,64025
1996,아주 가끔은 ,신해철,106885
1996,歸天道哀 (귀천도애) ,김민종,68743
1996,정 (위험한 이별) ,영턱스클럽,983247
1996,환생 ,윤종신,67691
1996,꿍따리 샤바라 ,클론,70896
1996,잊을 수 없는 너 ,최재훈,67561
1996,넌 나의 처음이자 마지막이야! ,솔리드,70600
1996,스피드 ,김건모,38445
1996,여름이야기 (Sky Mix) ,DJ DOC,33089
1996,여우야(女雨夜) ,더 클래식,66954
1996,완전한 사랑 ,장혜진,69620
1996,N/A,US,2961489
1996,준비 없는 이별 ,녹색지대,1622512
1996,말하자면 ,김성재,1675592
1996,내 눈물 모아 ,서지원,1876466
1996,애인(愛人) ,김정민,38585
1996,님은 먼 곳에 ,조관우,4542171
1996,Aspirin (아스피린) (12 String Guitar Ver.) ,걸,38083
1996,작은 기다림 ,쿨 (COOL),66964
1996,이방인(異邦人) ,전람회,70679
1996,하늘만 허락한 사랑 ,엄정화,69374
1996,슬픈 언약식 ,김정민,38651
1996,후회 없는 사랑 ,포지션,70486
1996,7년간의 사랑 ,화이트,1761801
1996,겨울이야기 (Radio Version) ,DJ DOC,1185237
1996,취중진담(醉中眞談) ,전람회,70696
1996,3!4! ,룰라,70994
1996,Twist King ,터보,1606430
1996,우리의 밤은 당신의 낮보다 아름답다 ,코나,70631
1996,내가 지켜줄께 ,녹색지대,1622515
1996,그대 내품에 ,박정운,55272
1996,처음 느낌 그대로 ,이소라,1839640
1996,나에게로의 초대 ,정경화,898849
1996,조조 할인 (Feat. 이적) ,이문세,68709
1996,내가 너의 곁에 잠시 살았다는 걸 ,토이,2743595
1996,마지막 약속 ,김정민,485161
1996,N/A,육각수,70963
1996,필요한 건 시간일뿐 ,강수지,38920
1996,찬란한 사랑 (상심II) ,R.ef,70685
1996,배반 ,윤상,1175758
1996,좋아 좋아 ,일기예보,71032
1996,Bow Wow ,아이돌,70440
1996,왜 그래 ,김현철,62846
1996,슬픔이 올때 ,신성우,67832
1996,작별의식 ,베이시스,71198
1997,나를 슬프게 하는 사람들 ,김경호,38662
1997,애송이의 사랑 ,양파,70148
1997,영원 ,조관우,69198
1997,그녀는 예뻤다 ,박진영,91534
1997,아름다운 구속 ,김종서,38394
1997,그때 또 다시 (Again) ,임창정,526820
1997,가족 ,이승환,48914
1997,Remember ,포지션,73896
1997,기억해줘 ,이소라,1839666
1997,괜찮아 ,녹색지대,1622523
1997,재회(再會) ,K2 김성면,72307
1997,다시 만나 줘 ,업타운,86317
1997,"Here, I Stand For You (Original Ver.) ",넥스트,37832
1997,사랑을 위하여 ,김종환,1877126
1997,Doc와 춤을 ,DJ DOC,9390
1997,맨발의 청춘 ,벅,91245
1997,인형의 꿈 ,일기예보,71033
1997,라일락이 질때 ,이선희,91212
1997,용서 ,이예린,529056
1997,해변의 여인 ,쿨 (COOL),78853
1997,나만의 슬픔 ,김돈규,69343
1997,암연 ,고한우,74951
1997,배반의 장미 ,엄정화,73257
1997,바람의 노래 ,조용필,72689
1997,애수 ,진시몬,621799
1997,오늘도 난 ,이승철,68913
1997,Bus 안에서 ,자자 (ZAZA),71581
1997,운명 ,쿨 (COOL),71766
1997,비오는 거리 ,이승훈,68079
1997,16/20 (열여섯 스물) ,주주 클럽,71501
1997,가위 ,유승준,72698
1997,그땐 그랬지 ,카니발,91275
1997,꿈의 대화 ,장혜진,667127
1997,밤의 길목에서 (Remake) ,김세영,2023565
1997,청혼 ,이소라,1839667
1997,애원(愛遠) ,박상민,72166
1997,날개 ,언타이틀,1675485
1997,연인 ,룰라,32652
1997,다시 돌아온 그대 위해 ,N/A,1865508
1997,졸업 ,전람회,91249
1997,N/A,Cucina Acoustica,1708683
1997,그래 ,디바,37501
1997,행복 ,H.O.T.,91264
1997,현명한 선택 ,소찬휘,1500836
1997,사랑이라는 이유로 ,조 트리오,176202
1997,그대 떠나가도 ,조장혁,69302
1997,결혼해줘 ,임창정,526821
1997,헤어진 다음날 ,이현우,1022090
1997,Forever ,안재욱,72708
1997,타인 ,영턱스클럽,91257
1998,Poison ,엄정화,83721
1998,그녀와의 이별 ,김현정,38547
1998,애상 ,쿨 (COOL),77694
1998,지킬 수 없는 약속 ,신승훈,77374
1998,애인이 생겼어요 ,터보,1606672
1998,Dreams Come True ,S.E.S.,75068
1998,뻐꾸기 둥지위로 날아간 새 ,김건모,38453
1998,나나나 ,유승준,489873
1998,믿음 ,이소라,1839686
1998,착한 사랑 ,김민종,38388
1998,To Heaven (천국으로 보낸 편지) ,조성모,1816948
1998,나와 같다면 ,김장훈,77363
1998,사랑을 위하여 ,김종환,1877126
1998,나의 사랑 천상(天上)에서도 ,김경호,38698
1998,P.S. I Love You ,박정현,2184575
1998,비(悲) ,김정민,46284
1998,Epilogue(에필로그) ,김종서,38495
1998,사람이 꽃보다 아름다워 ,안치환,2274404
1998,거꾸로 강을 거슬러 오르는 저 힘찬 연어들처럼 ,강산에,38793
1998,진심 ,김광진,33972
1998,('Cause) I'm Your Girl ,S.E.S.,78184
1998,난 그래 ,리아,32700
1998,보낼수밖에 없는 난 ,소찬휘,1500839
1998,행복한 나를 ,에코,91268
1998,일상으로의 초대 (Radio Mix) ,신해철,33590
1998,헤어진 다음날 ,이현우,1022090
1998,내 낡은 서랍 속의 바다 ,패닉,437146
1998,Everybody ,진주,75052
1998,Love Love ,비쥬,81526
1998,비원(悲願) ,박상민,77991
1998,세상이 그대를 속일지라도 ,김장훈,77364
1998,회상 (December) ,터보,1606413
1998,해에게서 소년에게 ,넥스트,37845
1998,외출 ,최재훈,78451
1998,사랑한 후에 ,신성우,77872
1998,먼 훗날 ,YB (윤도현 밴드),79953
1998,눈물 내리는 날 (비) ,조 트리오,8218628
1998,내게 너무 이쁜 그녀 ,아낌없이 주는 나무,75813
1998,혼자한 사랑 ,김현정,38548
1998,배려 ,김동률,38030
1998,알고 싶어요! ,양파,76946
1998,하나의 사랑 ,박상민,78002
1998,슬픈 얼굴 ,A.R.T,91284
1998,Love Song ,김종서,1627767
1998,널 위해 준비된 사랑 ,김조한,38003
1998,눈물 ,리아,32729
1998,그녀의 생일 ,뱅크,14228
1998,Honey ,박진영,77536
1998,길 ,조관우,47534
1998,거짓말도 보여요 ,김현철,38605
1999,For Your Soul (슬픈 영혼식) ,조성모,1139375
1999,오직 너뿐인 나를… ,이승철,611573
1999,A'ddio ,양파,83803
1999,그녀의 연인에게... #Story Ⅰ ,K2 김성면,83891
1999,미절 (Misery) ,쿨 (COOL),66554
1999,영원한 사랑 ,핑클 (Fin.K.L),82633
1999,되돌아온 이별 ,김현정,38571
1999,열정 ,유승준,489870
1999,불멸의 사랑 ,조성모,1816950
1999,신부에게 ,유리상자,91317
1999,Shut Up!! (Feat. 이윤정) ,유승준,4123388
1999,여름안에서 ,듀스,37571
1999,비정(非情) ,김경호,38751
1999,몰라 ,엄정화,83208
1999,배웅 ,윤종신,4383670
1999,사랑보다 깊은 상처 ,임재범,1722260
1999,비원(悲願) ,김민종,38466
1999,마지막 사랑 ,박기영,82979
1999,연애 ,김현철,38634
1999,To Heaven (천국으로 보낸 편지) ,조성모,1816948
1999,남자이야기 -My Way ,허니 패밀리,84229
1999,T.O.P. (Twinkling Of Paradise) ,신화,85861
1999,Dreams Come True ,S.E.S.,75068
1999,달려라 자전거 ,델리스파이스,32845
1999,가버려!! ,박지윤,8179114
1999,너를 사랑해 ,S.E.S.,75070
1999,미안해 널 미워해 ,자우림,91307
1999,편지할께요 ,박정현,1177976
1999,첫사랑 ,임현정,1839720
1999,여전히 아름다운지 ,김연우,83437
1999,그대는 모릅니다 ,이승환,81788
1999,사랑하게 되면 ,안치환,27676
1999,사랑하는 날까지 ,김종환,1877177
1999,아름답게 사랑하는 날까지 (금지된 사랑 Ⅱ) ,김경호,38753
1999,슬픈 선물 ,김장훈,37989
1999,돌아와 ,클론,91314
1999,부메랑 ,김건모,38541
1999,실연 ,김종서,38520
1999,Beautiful Girl ,일기예보,88932
1999,시작 ,박기영,91232
1999,하루 하루 ,타샤니,84207
1999,이야기 속으로 ,조pd (ZoPD),1786618
1999,만남 ,코요태,83190
1999,아이야! (I yah!) ,H.O.T.,84781
1999,Lying ,샵,84736
1999,내 남은 사랑을 위해 ,홍경민,80392
1999,Happy Birthday To You ,권진원,38953
1999,Gimme! Gimme! ,컨츄리 꼬꼬,83326
1999,Shut Up! ,유승준,1073524
1999,1tym ,원타임,81075
2000,아시나요 ,조성모,106212
2000,다 줄거야 (Acoustic Ver.) ,조규만,1576735
2000,Run To You ,DJ DOC,505165
2000,거짓말 ,god,10435
2000,초련(初戀) (Techno Mix) (Feat. 윤진) ,클론,91327
2000,가시나무 ,조성모,607552
2000,흔들린 우정 ,홍경민,87695
2000,나의 연인(我戀) ,임창정,86668
2000,영원 ,스카이,85674
2000,멍 ,김현정,38426
2000,오! 가니 ,컨츄리 꼬꼬,4077
2000,기도 ,정일영,27600
2000,전설속의 누군가처럼 ,신승훈,46218
2000,너를 위해 ,임재범,3680
2000,바보 ,박효신,85108
2000,그대가 그대를 ,이승환,445159
2000,매직 카펫 라이드 ,자우림,9270
2000,중독된 사랑 ,조장혁,2270749
2000,해줄 수 없는 일 ,박효신,85707
2000,고백 ,박혜경,85900
2000,비(悲)의 Rhapsody ,최재훈,75233
2000,N/A,윤현석,88423
2000,오랜 방황의 끝 ,김태영,34093
2000,Day By Day ,플라이 투 더 스카이,86166
2000,Tears ,소찬휘,1140592
2000,상실 ,박상민,67169
2000,잘됐어!!! ,샵,88409
2000,Lie (Radio Ver.) ,박화요비,27833
2000,어제처럼 ,제이,3824
2000,와인(迗人) ,김경호,3690
2000,바꿔 ,이정현,85257
2000,그대니까요 (Duet With 차은주) ,김현철,1002851
2000,와 ,이정현,85258
2000,One Love ,원타임,91329
2000,요즘 너는 ,이현우,610483
2000,서방님 ,이소은,86327
2000,맥주와 땅콩 ,쿨 (COOL),27236
2000,I Believe ,이수영,1564057
2000,애수(哀愁) ,god,91325
2000,Cyber Lover ,터보,1606631
2000,머피의 법칙 ,DJ DOC,33146
2000,너를 보내고 ,YB (윤도현 밴드),91322
2000,부메랑 ,김건모,38541
2000,Sad Salsa ,백지영,87310
2000,"힘을 내요, 미스터 김 ",롤러 코스터,37100
2000,성인식 ,박지윤,27638
2000,울트라맨이야 ,서태지,88794
2000,Blue Sky ,박기영,82594
2000,사슬 ,서문탁,27561
2000,Annie ,윤종신,87019
2001,벌써 일년 ,브라운 아이즈,19807
2001,I Love You ,포지션,89806
2001,미안해요 ,김건모,19091
2001,또 한번 사랑은 가고 ,이기찬,32574
2001,화장을 고치고 ,왁스,26378
2001,먼곳에서 ,박효신,10838
2001,당신은 모르실거야 (CF - LIG 핑클편) ,핑클 (Fin.K.L),7712
2001,길 ,god,104788
2001,다시 사랑한다 말할까 ,김동률,111209
2001,Special Night ,양파,1213165
2001,제발 ,이소라,9040
2001,Baby Baby ,조규찬,104759
2001,내게 오는 길 ,성시경,8302
2001,좋은 사람 (Feat. 김형중) ,토이,18357
2001,하루 ,김범수,10398
2001,사진속에 담긴 추억 ,임재범,609766
2001,내게 와 줘 ,YB (윤도현 밴드),1096487
2001,시간이 흐른 뒤 (As Time Goes By) ,윤미래,105886
2001,편지 (Original Ver.) ,최재훈,8305
2001,Good Life ,드렁큰 타이거,33026
2001,하나의 사랑 ,박상민,78002
2001,Je T'aime ,해이,8274
2001,천만에요 ,애즈원,91166
2001,기다리는 이유 ,임창정,25594
2001,떠난 너 ,김현정,25629
2001,너를 위해 ,임재범,3680
2001,A-Yo ,지누션,90105
2001,Double ,김건모,19094
2001,Jumpo Mambo ,쿨 (COOL),24105
2001,밤이 깊었네 ,크라잉넛 (CRYING NUT),21360
2001,눈물 ,박화요비,37271
2001,고백 ,이승철,19175
2001,미소천사 ,성시경,8293
2001,난 여자가 있는데 (CF - 컴팩 프리자리오) ,박진영,20226
2001,파란 ,코요태,10126
2001,처음처럼 ,성시경,8290
2001,오빠 ,왁스,8921
2001,Endless ,플라워,9573
2001,Change ,소찬휘,90902
2001,You Mean Everything To Me ,박정현,75279
2001,먼 훗날 ,조 트리오,8218594
2001,믿을진 모르겠지만… ,김진표,24670
2001,아름다운 날들 ,장혜진,104868
2001,꿈을 모아서 (Just In Love) ,S.E.S.,24971
2001,You're My Life ,김민종,32776
2001,하루 ,박혜경,9543
2001,추락 ,백지영,19776
2001,감싸 안으며 (Show Me Your Love) ,S.E.S.,105639
2001,동경 ,박효신,10837
2001,"구리뱅뱅 (Feat. 1kyne, 난아) ",YDG,3013199
2002,No.1 ,보아 (BoA),191093
2002,우린 제법 잘 어울려요 ,성시경,313559
2002,Never Ending Story ,부활,316434
2002,비몽 ,코요태,500962
2002,좋은사람 ,박효신,430228
2002,사랑 Two ,윤도현,62619
2002,...안 되나요... (부제: 화양연화) ,휘성 (Realslow),111413
2002,미워도 다시 한번 (Original Ver.) ,바이브,500797
2002,Last Scene ,롤러 코스터,489210
2002,아로하 ,쿨 (COOL),103858
2002,"Bravo, My Life! ",봄여름가을겨울,992575
2002,꿈에 ,박정현,432309
2002,사랑해도 헤어질 수 있다면... ,신승훈,517704
2002,처음부터 지금까지 ,Ryu (류),523274
2002,Sea Of Love ,플라이 투 더 스카이,432269
2002,Sweet Dream ,장나라,619078
2002,사랑해도 될까요? ,유리상자,105006
2002,그리고 사랑해 ,이수영,104584
2002,Rain ,박혜경,502946
2002,미련한 사랑 ,JK 김동욱,432357
2002,내생에 봄날은... ,캔,667071
2002,Memories... (Smiling Tears) ,윤미래,313002
2002,부탁해요 ,왁스,432941
2002,가슴앓이 ,지영선,423507
2002,4월 이야기 (April Story) ,장나라,90693
2002,우연 (우울한 우연) ,베이비복스,425453
2002,A Better Day ,JTL,1456783
2002,Loving You ,김현철,502928
2002,떠나가라 ,Q.O.Q,159881
2002,대화가 필요해 ,더 자두,489252
2002,낭만고양이 ,체리필터 (cherryfilter),430051
2002,사랑하나요!? ,이승환,609419
2002,이별후애(愛) ,린애,506908
2002,마지막 약속 ,포지션,448502
2002,팬이야 ,자우림,317254
2002,전할 수 없는 이야기 (부제:시티 오브 엔젤) ,휘성 (Realslow),111414
2002,슬픈 혼잣말 ,임창정,4299165
2002,If I Leave (나 가거든) ,조수미,621079
2002,잘가요 ,정재욱,104099
2002,잘못 ,이승환,621108
2002,다시 사랑한다면 ,도원경,17282
2002,후(後) ,홍경민,105850
2002,Valenti ,보아 (BoA),316784
2002,너의 마음을 내게 준다면 ,조관우,313014
2002,Summer Vacation ,SMTOWN,431368
2002,Season In The Sun ,정재욱,104110
2002,라라라 ,이수영,317027
2002,나쁜 남자 ,비,431614
2002,어머니 ,원타임,103839
2002,Heaven ,김현성,104184
2003,Break Away ,빅마마,420522
2003,점점 ,브라운 아이즈,421409
2003,With Me ,휘성 (Realslow),482653
2003,정말 사랑했을까 ,브라운 아이드 소울,485716
2003,아틀란티스 소녀 (Atlantis Princess) ,보아 (BoA),608151
2003,결혼을 할 거라면 ,쿨 (COOL),471072
2003,10 Minutes ,이효리,481199
2003,잊을께 ,YB (윤도현 밴드),476529
2003,어쩌다.. ,윤건,511798
2003,보고 싶다 ,김범수,418253
2003,Missing You ,플라이 투 더 스카이,473438
2003,사랑합니다... ,팀,445413
2003,안녕 ,박혜경,465286
2003,그랬나봐 ,김형중,429656
2003,고백 ,델리스파이스,420424
2003,그땐 미처 알지 못했지 (Feat. 하림 On Harmonica) ,이적,454477
2003,Never Ending Story ,부활,316434
2003,체념 ,빅마마,420534
2003,친구 붕우 (朋友) ,안재욱,439346
2003,백설공주를 사랑한 일곱번째 난장이 ,쿨 (COOL),422606
2003,To My Love (Korean Ver.) ,윤미래,418848
2003,와줘.. ,SE7EN,447863
2003,남자기 때문에 ,드렁큰 타이거,441007
2003,처음 그 날처럼 ,박용하,1765866
2003,Stay ,넬 (NELL),466094
2003,Mr. A-Jo ,애즈원,444798
2003,악으로 ,김진표,455208
2003,비상 ,코요태,454493
2003,The Secret Garden ,이상은 (=Lee-tzsche),1726654
2003,"Fly High (Feat. 정인, 하림(河琳)) ",리쌍,456856
2003,아직 못다한 이야기 (Feat. BMK) ,김진표,455209
2003,Without Your Love ,JTL,480998
2003,돌아와 제발 ,JK 김동욱,1183921
2003,나의 사랑 나의 신부 ,유엔,419999
2003,한번 단 한번 ,SE7EN,447865
2003,나 어떡해 ,베이비복스,450178
2003,애송이 (CF - 써니텐) ,렉시,488135
2003,진달래꽃 ,마야,440982
2003,청첩장 ,김건모,430909
2003,좋은날 ,유리상자,418814
2003,만취 In Melody ,은지원,2101649
2003,태양을 피하는 방법 (Gtr.Remix) ,비,490059
2003,인연 ,노을,420037
2003,앤 ,박정현,473152
2003,거부 ,빅마마,420520
2003,피아노(彼願嫪) ,조성모,444956
2003,니가 참 좋아 ,쥬얼리,609381
2003,첫사랑 ,이소라,317801
2003,낙원 (Feat. 이재훈) ,싸이 (PSY),430981
2003,차마... ,성시경,490173
2004,친구여 (Feat. 인순이) ,조pd (ZoPD),518619
2004,긴 하루 ,이승철,530958
2004,사랑은...향기를 남기고 ,테이,2025249
2004,그곳에 서서 ,박효신,521704
2004,Sweety ,클래지콰이,525066
2004,야상곡(夜想曲) ,김윤아,515804
2004,휠릴리 ,이수영,537599
2004,열정 ,SE7EN,531006
2004,광화문 연가 ,이수영,507481
2004,불치병 (Feat. Masta Wu) ,휘성 (Realslow),602014
2004,My Name ,보아 (BoA),528529
2004,그녀가 웃잖아.... ,김형중,526407
2004,고래의 꿈 (Falling In Love Again) (Feat. 김영근) ,바비 킴,534951
2004,시간을 찾아서 (Feat. 이적) ,김진표,606079
2004,이제서야 ,김동률,516204
2004,사랑의 時(시) ,엠씨더맥스 (M.C the MAX),499230
2004,오래오래 ,바이브,496567
2004,It's Raining ,비,600942
2004,Liquor Shots (술병에 숟가락) ,드렁큰 타이거,535139
2004,The Way U Are ,동방신기 (TVXQ!),529850
2004,가슴에 지는 태양 ,김범수,523766
2004,고마웠다고... ,팀,527016
2004,발작 (發作) ,원티드,527575
2004,내가 당신을 사랑하는 이유 ,왁스,518092
2004,평화의 날 ,에픽하이 (EPIK HIGH),533412
2004,...사랑했잖아... ,린,519620
2004,사랑하길 정말 잘했어요 ,SG 워너비,1944402
2004,너를 원해 ,현승민-H,490202
2004,Hug ,동방신기 (TVXQ!),507874
2004,기억상실 ,거미,537750
2004,천사 ,서영은,505518
2004,여기보다 어딘가에 ,하림,1589039
2004,너의 곁으로 ,조성모,530043
2004,인연 ,이승철,523088
2004,그대는 눈물겹다 ,엠씨더맥스 (M.C the MAX),499229
2004,연인 ,김연우,505373
2004,Ring My Bell (Feat. 나얼 Of Brown Eyed Soul) ,다이나믹 듀오,602285
2004,그런가봐요 ,V.One,2101367
2004,Monologue ,버즈,489055
2004,그런 날이 오겠죠 ,신승훈,510421
2004,예감 좋은 날 ,럼블피쉬,531607
2004,내 여자라니까 ,이승기,530122
2004,내가 눈을 감는 이유 ,태빈,528185
2004,한 남자 ,김종국,529685
2004,로보트 ,서태지,509604
2004,Sky ,러브홀릭,536358
2004,정상을 향한 독주 2 (Feat. 김범수) ,주석,494792
2004,제주도의 푸른 밤 ,성시경,525682
2004,그게 정말이니? ,장나라,497095
2004,꿈에 ,이수영,507484
2005,죄와벌 ,SG 워너비,711627
2005,겁쟁이 ,버즈,732512
2005,사랑했나봐 ,윤도현,837567
2005,살다가 ,SG 워너비,711626
2005,광(狂) ,SG 워너비,711628
2005,세글자 (드라마 '루루공주' 김정은 메인 테마) ,엠투엠 (M To M),905857
2005,제자리 걸음 ,김종국,866705
2005,가시 ,버즈,732519
2005,I Love U Oh Thank U (Feat. 김태우 Of God) ,MC몽,845586
2005,둘이서 (CF - 빙그레 '바나나맛 우유') ,채연,631232
2005,너에게 전하는 아홉가지 바램 ,KCM,864916
2005,Smile Again ,KCM,864906
2005,사랑은...하나다 ,테이,698972
2005,체념 後(후) ,빅마마,847132
2005,귀로 ,나얼,665226
2005,내 눈물이 하는 말 ,견우 (Kyunwoo),898497
2005,Fly (Feat. Amin. J of Soulciety) ,에픽하이 (EPIK HIGH),933372
2005,사랑인걸 ,모세,732373
2005,사랑스러워 ,김종국,866710
2005,나에게로 떠나는 여행 ,버즈,732516
2005,"별, 바람, 햇살 그리고 사랑 ",김종국,866714
2005,꽃피는 봄이오면 ,BMK,672010
2005,안부 (Duet With 나윤권) ,별,742311
2005,아니 ,거미,905582
2005,일년이면 ,휘성 (Realslow),928697
2005,Y (Please Tell Me Why) ,프리스타일,531840
2005,가슴 아파도 ,환희,848156
2005,천하무적 (Feat. 박장근 Of Supersta) ,MC몽,845580
2005,Super Star ,쥬얼리,733379
2005,한숨만 ,이정(J.Lee),884783
2005,으라차차 ,럼블피쉬,891878
2005,보통날 ,god,623250
2005,내가 웃는게 아니야 (Feat. ALI) ,리쌍,971439
2005,눈물이 나요 ,조성모,708213
2005,환희 ,싸이 (PSY),891991
2005,내 마음의 보석상자 ,SG 워너비,926191
2005,그녀의 남자에게 ,김종국,866706
2005,벌 ,버즈,732513
2005,같은 생각 ,신혜성,842022
2005,Girls On Top ,보아 (BoA),864433
2005,지지 않는 태양 (Feat. 한 에스더) ,장우혁,903404
2005,응급실 ,izi,686651
2005,여자 ,빅마마,847126
2005,Happiness ,가비엔제이,985472
2005,잘 지내나요 ,성시경,827216
2005,거짓말 ,버즈,732515
2005,봄날 ,아이,667278
2005,"떠나가요, 떠나지마요 ",더 크로스,851277
2005,사랑은 가슴이 시킨다 ,버즈,1008495
2005,헤어지자고 (MBC 슬픈연가 삽입곡) ,윤건,622912
2006,내사람 : Partner For Life ,SG 워너비,1139741
2006,사랑 안해 ,백지영,1135163
2006,여인의 향기 ,씨야,1114170
2006,남자를 몰라 ,버즈,1177475
2006,LOVE ALL ,gavy nj project group [H7美人(미인)],1213524
2006,Hold the line ,조pd (ZoPD),1204915
2006,까만안경 (Feat. Day Light) ,이루,1459449
2006,그 남자 그 여자 (Feat. 장혜진) ,바이브,1114175
2006,하기 힘든 말 ,이승기,1099594
2006,거리에서 ,성시경,1467722
2006,그녀를 사랑해줘요 ,하동균,1264830
2006,사랑했어요 (Feat. 데니안) ,SG 워너비,1139742
2006,사랑하기 때문에 (Feat. SG워너비) ,씨야,1119896
2006,사랑아 가지마 ,임정희,1130736
2006,마주치지 말자 ,장혜진,1099478
2006,아이스크림 ,MC몽,1454808
2006,편지 ,김종국,1144020
2006,My Love (And) ,버즈,1177471
2006,전부 너였다 ,노을,1108584
2006,비행기 ,거북이,1325050
2006,운다 ,손호영(SHY),1417550
2006,Timeless (Feat. 시아준수) ,장리인 (Zhang Li Yin),1374075
2006,소리쳐 ,이승철,1456717
2006,My Darling (End) ,버즈,1177470
2006,불꽃 (Feat. 개리) ,장혜진,1264220
2006,미친 사랑의 노래 ,씨야,1314788
2006,눈물샘 ,별,1193994
2006,바람만바람만 ,김종국,1497527
2006,죽을만큼.. ,오종혁,1379738
2006,사랑을 찾아서 ,엠씨더맥스 (M.C the MAX),1356054
2006,제발 ,이승기,1416892
2006,My Style ,업타운,1199786
2006,누나의 꿈 ,현영,1121540
2006,다가와서 ,브라운아이드걸스,1115206
2006,연예인 ,싸이 (PSY),1322134
2006,폭풍 ,SG 워너비,1141600
2006,I Go ,럼블피쉬,1216149
2006,은인 ,버즈,1177472
2006,웃는거야 ,서영은,1122105
2006,Happiness ,가비엔제이,985472
2006,The Day ,제아,1415517
2006,U ,SUPER JUNIOR (슈퍼주니어),1210836
2006,눈사람 ,가비엔제이,1075411
2006,태양의 눈물 (Tear Of The Sun) ,KCM,1099824
2006,Untouchable ,Big4,1029603
2006,사랑 먼지 ,버블 시스터즈,1097091
2006,그녀가 울고있네요 ,가비엔제이,1484802
2006,느림보 ,SG 워너비,1145943
2006,그대 돌아오면.. ,거미,1177606
2006,면도 ,V.One,1086029
2007,미인 (美人) ,이기찬,1563237
2007,이럴거면 ,아이비,1569650
2007,유혹의 소나타 ,아이비,1569649
2007,미워요 ,씨야,1558954
2007,잔소리 ,더 넛츠 (The NuTs),1521180
2007,Love Love Love (Feat. Yoong Jin Of Casker) ,에픽하이 (EPIK HIGH),1556553
2007,안녕 ,KCM,1538203
2007,흰눈 ,이루,1459456
2007,추억은 사랑을 닮아 ,박효신,1560045
2007,사랑...후에 ,신혜성,1522421
2007,같은 베개... ,테이,1568562
2007,수취인 불명 ,프리스타일,1575129
2007,비밀번호 486 ,윤하 (YOUNHA),1592995
2007,Fan ,에픽하이 (EPIK HIGH),1556547
2007,거짓말 ,BIGBANG (빅뱅),1698598
2007,왼쪽가슴 ,케이윌,1579229
2007,남자야 ,먼데이 키즈 (Monday Kiz),1563629
2007,한여름날의 꿈 (Duet With 옥주현) ,SG 워너비,1615772
2007,남자도... 어쩔 수 없다. ,EVAN 에반 (유호석),1592906
2007,나 이젠 (Duet 진성 Of 먼데이키즈) ,최현준 (V.O.S),1646085
2007,가슴아 그만해 ,엠씨더맥스 (M.C the MAX),1622092
2007,사랑앓이 ,FTISLAND (FT아일랜드),1649188
2007,사랑..그게 뭔데 ,양파,1634717
2007,사랑의 인사 ,씨야,1645081
2007,Irony (아이러니) ,원더걸스,1566277
2007,Tell me (Sampling From 'Two Of Hearts') ,원더걸스,1724693
2007,톡!톡!톡! (Toc Toc Toc)(CF - 투싼 '이효리'편) ,이효리,1581597
2007,비행소녀 ,마골피,1580618
2007,So Fresh (Feat. 김태우) (위대한 캣츠비 OST 삽입곡) ,MC몽,1657769
2007,내 사람입니다 ,더 넛츠 (The NuTs),1521181
2007,눈물로 (Duet 이정) ,제이,1648996
2007,Ballerino ,리쌍,1637914
2007,가시리 ,SG 워너비,1558953
2007,아리랑 ,SG 워너비,1615770
2007,볼때기 사랑 ,엠씨더맥스 (M.C the MAX),1540132
2007,이별살이 ,린,1583267
2007,Evergreen (Feat. 이지혜) ,PK 헤만,1539174
2007,사랑이 그래요 ,오종혁,1644930
2007,봄이여 오라 (Feat. 유리) ,MC 스나이퍼,1583453
2007,Dirty Cash ,BIGBANG (빅뱅),1533404
2007,물끄러미 ,지아,1666161
2007,Maria ,김아중,1525533
2007,착한거짓말 ,이승기,1698347
2007,새 살 ,먼데이 키즈 (Monday Kiz),1552384
2007,하늘위로 (Remix) ,렉시,1621412
2007,기다릴게... ,타이푼,1550828
2007,My Love ,채연,1604265
2007,사랑은 맛있다♡ ,휘성 (Realslow),1727368
2007,배반 ,빅마마,1742135
2007,N/A,문근영,1535477
2008,So Hot ,원더걸스,1874397
2008,하루 하루 ,BIGBANG (빅뱅),1913501
2008,Love ,브라운아이드걸스,1788174
2008,Nobody ,원더걸스,1929329
2008,"서커스 (Feat. 임유경 - 달래 음악단 , ＄howgun) ",MC몽,1851229
2008,마지막 인사 ,BIGBANG (빅뱅),1765767
2008,사랑과 전쟁 (Narr. 하하) ,다비치,1897011
2008,U-Go-Girl (With 낯선) ,이효리,1903050
2008,천국 ,BIGBANG (빅뱅),1913502
2008,가지마 가지마 ,브라운 아이즈,1890405
2008,발자국 ,먼데이 키즈 (Monday Kiz),1841036
2008,One More Time ,쥬얼리,1807098
2008,아이처럼 ,김동률,1797709
2008,이노래 ,2am,1901874
2008,One (Feat. 지선) ,에픽하이 (EPIK HIGH),1850242
2008,만약에 ,태연 (TAEYEON),1798588
2008,라라라 ,SG 워너비,1854856
2008,어쩌다 ,브라운아이드걸스,1927248
2008,보고싶은 날엔.. ,박지헌,1778667
2008,Hey Mr. Big ,이효리,1903057
2008,나만 바라봐 ,태양,1874996
2008,미워도 사랑하니까 ,다비치,1798749
2008,사랑해 미안해 ,지아,1902384
2008,가슴으로 외쳐 (Rap Feat. Rhymer) ,먼데이 키즈 (Monday Kiz),1841034
2008,미안해요 (Feat. T.O.P) ,거미,1826467
2008,Blue Moon ,씨야,1879332
2008,우산 (Feat. 윤하) ,에픽하이 (EPIK HIGH),1850253
2008,누난 너무 예뻐 (Replay) ,SHINee (샤이니),1875215
2008,Kissing You ,소녀시대 (GIRLS' GENERATION),1756969
2008,남자 때문에 ,JOO,1789551
2008,미쳤어 (Feat. 에릭) ,손담비,1928044
2008,너 때문에 ,브라운 아이즈,1890408
2008,주문-MIROTIC (Clean Ver.) ,동방신기 (TVXQ!),1928828
2008,사랑해 (Feat. 윤은혜) ,마이티 마우스,1816224
2008,How Gee (하우지) ,BIGBANG (빅뱅),1786851
2008,Beautiful Life ,V.O.S,1867568
2008,슬픈 다짐 ,다비치,1798752
2008,거짓말 ,BIGBANG (빅뱅),1698598
2008,못된 여자 (Feat. 서인영) ,원투,1857969
2008,기억을 걷는 시간 ,넬 (NELL),1833966
2008,사랑이 그렇게 쉬워 (Feat. 태인) ,나몰라패밀리 (Namolla Family),1914864
2008,신데렐라 ,서인영,1906673
2008,추억속의 그대 ,이승기,1836107
2008,Too Much (With 서인영) (우리결혼했어요 화제곡) ,크라운제이 (CROWN J),1871159
2008,들리나요... ,태연 (TAEYEON),1928055
2008,에너지 (Feat. 선예) ,마이티 마우스,1888678
2008,Love Story ,비,1935599
2008,그깟 사랑 ,이진성 (먼데이 키즈),1789828
2008,1분 1초 (Feat. 타루) ,에픽하이 (EPIK HIGH),1932604
2008,어제보다 오늘 더 ,김종국,1941619
2009,Gee ,소녀시대 (GIRLS' GENERATION),2012282
2009,I Don't Care ,2NE1,2212365
2009,Abracadabra ,브라운아이드걸스,2229259
2009,Heartbreaker ,G-DRAGON,2258761
2009,Again＆Again ,2PM,2135469
2009,심장이 없어 ,에이트,2101157
2009,사랑비 ,김태우,2276194
2009,Fire ,2NE1,2160048
2009,"쏘리 쏘리 (Sorry, Sorry) ",SUPER JUNIOR (슈퍼주니어),2100540
2009,Lollipop ,BIGBANG (빅뱅),2117748
2009,외톨이 ,아웃사이더,2185577
2009,8282 ,다비치,2093360
2009,눈물이 뚝뚝 ,케이윌,2119816
2009,사고쳤어요 ,다비치,2093361
2009,TTL (Time To Love) ,티아라,2289852
2009,소원을 말해봐 (Genie) ,소녀시대 (GIRLS' GENERATION),2203097
2009,사랑한 후에 ,박효신,2289924
2009,"헤어지지 못하는 여자, 떠나가지 못하는 남자 (Feat. 정인) ",리쌍,2312253
2009,토요일밤에 ,손담비,2112982
2009,Hot Issue ,4minute,2197448
2009,Muzik ,4minute,2269959
2009,Diva ,애프터스쿨,2129151
2009,미스터 ,카라,2238379
2009,Insomnia (불면증) ,휘성 (Realslow),2063248
2009,My Man ,다비치,2093362
2009,YOU AND I ,박봄 (Park Bom),2338186
2009,내 귀에 캔디 (Feat. 택연 Of 2PM) ,백지영,2253748
2009,사랑..그 놈 ,바비 킴,2019681
2009,반쪽 ,박화요비,2049250
2009,이젠 남이야 (Feat. Baby-J Of Jewelry) ,김경록 (V.O.S),1996934
2009,여성시대 ,씨야,2159715
2009,잊지 말아요 ,백지영,2319548
2009,니가 밉다 ,2PM,2135470
2009,결혼해 줄래 (Feat. BIZNIZ) ,이승기,2200798
2009,Wanna ,카라,2235965
2009,잘가요 내사랑 ,에이트,2194773
2009,거짓말 (Part.1) ,티아라,2234748
2009,Ring Ding Dong ,SHINee (샤이니),2320988
2009,Sign ,브라운아이드걸스,2339048
2009,우리 헤어지자 ,이승기,2293482
2009,Honey ,카라,2056871
2009,큰일이다 ,V.O.S,2180148
2009,AH ,애프터스쿨,2024974
2009,라차타 (LA chA TA) ,f(x),2271648
2009,사랑해 (Feat. 유리상자 박승화) ,SG 워너비,2135848
2009,친구의 고백 ,2am,2109706
2009,부른다 ,서인국,2336218
2009,비와 당신 (영화 '라디오스타' 삽입곡) ,럼블피쉬,1964754
2009,오랜만이야 ,임창정,2101171
2009,바래 ,FTISLAND (FT아일랜드),2226049
2010,Bad Girl Good Girl ,미쓰에이,2741416
2010,잔소리 (With 2AM 슬옹) ,아이유,2705410
2010,죽을 만큼 아파서 (Feat. 멜로우) ,MC몽,2733249
2010,못해 (Feat. 美) ,포맨 (4MEN),2544949
2010,죽어도 못 보내 ,2am,2549955
2010,Oh! ,소녀시대 (GIRLS' GENERATION),2554001
2010,2 Different Tears ,원더걸스,2684572
2010,너 때문에 미쳐 ,티아라,2587788
2010,밥만 잘 먹더라 ,"Homme (창민, 이현)",2776748
2010,Go Away ,2NE1,2930968
2010,루팡 (Lupin) ,카라,2579459
2010,시간아 멈춰라 ,다비치,2670748
2010,Can't Nobody ,2NE1,2930967
2010,외톨이야 ,CNBLUE (씨엔블루),2540268
2010,그땐 그땐 그땐 ,Supreme Team,2951700
2010,사랑이 술을 가르쳐 (Feat. 백찬 From 8eight) ,이승기,2546258
2010,고백 ,뜨거운 감자,2627301
2010,Love ,CNBLUE (씨엔블루),2679548
2010,나 이런사람이야 ,DJ DOC,2783154
2010,HUH ,4minute,2688949
2010,뱅(Bang) ! ,애프터스쿨,2621364
2010,Run Devil Run ,소녀시대 (GIRLS' GENERATION),2611648
2010,NU 예삐오 (NU ABO) ,f(x),2667293
2010,Magic ,시크릿,2629049
2010,Change (Feat. 용준형 From Beast) ,현아,2529931
2010,Breathe ,미쓰에이,2948449
2010,본능적으로 (Feat. Swings) ,강승윤,2967751
2010,땡땡땡 ,Supreme Team,2705414
2010,Bubble Love ,MC몽,2596161
2010,잘못했어 ,2am,2609744
2010,널 붙잡을 노래 ,비,2626610
2010,우리 사랑하게 됐어요. ,가인,2511561
2010,별이될께 ,디셈버,2682148
2010,전활 받지 않는 너에게 ,2am,2979880
2010,훗 (Hoot) ,소녀시대 (GIRLS' GENERATION),2987448
2010,아파 (Slow) ,2NE1,2930971
2010,흩어져 ,먼데이 키즈 (Monday Kiz),2650539
2010,Shock ,비스트,2593618
2010,배운게 사랑이라 ,디셈버,2596063
2010,다시 와주라 ,바이브,2680552
2010,이 거지같은 말 (With 정엽 Of 브라운 아이드 소울) ,서영은,2660148
2010,I Need A Girl (Feat. G-dragon) ,태양,2741397
2010,원더우먼 ,씨야,2534748
2010,박수쳐 ,2NE1,2930969
2010,난 너에게 ,다비치,2783260
2010,꺼져 줄게 잘 살아 (Feat. 용준형) ,지나,2759748
2010,처음처럼 ,티아라,2371261
2010,사랑 빛 ,CNBLUE (씨엔블루),2675871
2010,사랑사랑사랑 ,FTISLAND (FT아일랜드),2906349
2010,Push Push (푸시 푸시) ,씨스타,2705407
2011,Roly-Poly ,티아라,3457172
2011,바람났어 (Feat. 박봄) ,GG (박명수 & G-Dragon),3467463
2011,내가 제일 잘 나가 ,2NE1,3452769
2011,비가 오는 날엔 ,비스트,3397448
2011,"TV를 껐네... (Feat. t윤미래, 권정열 Of 10cm) ",리쌍,3527235
2011,So Cool (쏘쿨) ,씨스타,3521672
2011,UGLY ,2NE1,3509751
2011,좋은 날 ,아이유,3051244
2011,살다가 한번쯤 ,포맨 (4MEN),3427926
2011,안녕이라고 말하지마 ,다비치,3536905
2011,그리워 그리워 ,노을,3585793
2011,Good-bye Baby ,미쓰에이,3488849
2011,Hello ,허각,3549031
2011,Hands Up ,2PM,3448185
2011,별빛달빛 ,시크릿,3424822
2011,Hot Summer ,f(x),3440448
2011,Lonely ,2NE1,3397797
2011,압구정 날라리 ,처진 달팽이 (유재석 & 이적),3467466
2011,끝사랑 ,김범수,3436083
2011,Be My Baby ,원더걸스,3600223
2011,The Boys ,소녀시대 (GIRLS' GENERATION),3565193
2011,서쪽 하늘 ,울랄라세션,3593455
2011,동경소녀 ,버스커 버스커,3565240
2011,Fiction ,비스트,3403761
2011,제발 ,김범수,3337773
2011,Don't Cry ,박봄 (Park Bom),3373007
2011,샤이보이 ,시크릿,3089448
2011,Bubble Pop! ,현아,3468048
2011,Black & White ,지나,3111583
2011,회상 (Feat. 백지영) ,리쌍,3534943
2011,톡톡 (Tok Tok) (Feat. SOYA) ,마이티 마우스,3110565
2011,Hate You ,2NE1,3488750
2011,Cry Cry ,티아라,3607859
2011,TONIGHT ,BIGBANG (빅뱅),3156950
2011,Oh Yeah (Feat. 박봄) ,GD&TOP,3065250
2011,Ma Boy (마보이) ,씨스타19,3385548
2011,나만 몰랐던 이야기 ,아이유,3143550
2011,여우야 ,투개월,3565243
2011,반짝반짝 ,걸스데이,3319849
2011,Sixth Sense ,브라운아이드걸스,3557196
2011,사랑은 Move ,시크릿,3573326
2011,내꺼중에 최고 ,이현,3138749
2011,High High ,GD&TOP,3065249
2011,달의 몰락 ,울랄라세션,3565242
2011,죽고 싶단 말 밖에 ,허각,3602154
2011,연애시대 (Feat. Ra.D) (Narr. 한효주) ,이승기,3573175
2011,미친거니 (Feat. 방용국) ,송지은,3164048
2011,그 남자 그 여자 ,포맨 (4MEN),3590149
2011,사랑 사랑아 ,다비치,3536906
2011,STEP ,카라,3538478
2012,강남스타일 ,싸이 (PSY),3853978
2012,나혼자 (Alone) ,씨스타,3763493
2012,벚꽃 엔딩 ,버스커 버스커,3753304
2012,Loving U (러빙유) ,씨스타,3837683
2012,FANTASTIC BABY ,BIGBANG (빅뱅),3715676
2012,I Love You ,2NE1,3847197
2012,정말로 사랑한다면 ,버스커 버스커,3832101
2012,Heaven ,에일리(Ailee),3701333
2012,하루 끝 ,아이유,3795586
2012,첫사랑 ,버스커 버스커,3753302
2012,Lovey-Dovey ,티아라,3663978
2012,Twinkle ,소녀시대-태티서 (Girls' Generation-TTS),3783041
2012,바람기억 ,나얼,3910821
2012,나를 사랑했던 사람아 ,허각,3758104
2012,여수 밤바다 ,버스커 버스커,3753303
2012,MONSTER ,BIGBANG (빅뱅),3818487
2012,I Need You ,허각,3884575
2012,BLUE ,BIGBANG (빅뱅),3715672
2012,목소리 (Feat. 개리 Of 리쌍) ,백지영,3791867
2012,Like this ,원더걸스,3815739
2012,이러지마 제발 (Please Don't...) ,케이윌,3922071
2012,너랑 나 ,아이유,3625504
2012,"1,2,3,4 (원,투,쓰리,포) ",이하이,3946768
2012,보여줄게 ,에일리(Ailee),3929469
2012,충분히 예뻐 (feat. 산체스 Of 팬텀) ,버벌진트,3832079
2012,먼지가 되어 ,로이킴,3928293
2012,DAY BY DAY ,티아라,3840800
2012,애상 ,10CM,3666573
2012,어땠을까 (Feat. 박정현) ,싸이 (PSY),3853980
2012,Electric Shock ,f(x),3822622
2012,뜨거운 안녕 (Feat. 성시경) ,싸이 (PSY),3853977
2012,illa illa (일라 일라) ,JUNIEL,3820647
2012,크레용 (Crayon) ,G-DRAGON,3906377
2012,그댈 마주하는건 힘들어 (그마힘) ,버스커 버스커,3832098
2012,피어나 ,가인,3911750
2012,Trouble Maker ,트러블메이커,3630755
2012,립스틱 (LIPSTICK) ,오렌지 캬라멜,3903316
2012,"Officially Missing You, Too ",긱스 (Geeks),3946867
2012,꽃송이가 ,버스커 버스커,3753309
2012,Only One ,보아 (BoA),3859894
2012,거기서거기 (Without You) ,다이나믹 듀오,3665143
2012,아름다운 밤 ,울랄라세션,3798160
2012,Missing You (Feat. 김윤아 Of 자우림) ,G-DRAGON,3906383
2012,굿모닝 (Feat. 권정열 Of 10cm) ,버벌진트,3820695
2012,춥다 (Feat. 이하이) ,에픽하이 (EPIK HIGH),3922586
2012,Touch ,미쓰에이,3713013
2012,너도 나처럼 ,2am,3731994
2012,Volume Up ,4minute,3764899
2012,이상형 ,버스커 버스커,3743293
2012,그XX ,G-DRAGON,3894730
2013,자니 (Feat. Dynamic Duo) ,프라이머리,3726617
2013,눈물 (Feat. 유진 Of 더 씨야) ,리쌍,4020215
2013,NoNoNo ,Apink (에이핑크),4163116
2013,눈물샤워 (Feat. 에일리) ,배치기,4011596
2013,"? (물음표) (Feat. 최자 Of 다이나믹듀오, Zion.T) ",프라이머리,3947371
2013,Give It To Me ,씨스타,4138606
2013,이름이 뭐예요? ,4minute,4099280
2013,모노드라마 (With 유승우) ,허각,4019298
2013,My Love ,이승철,4142913
2013,있다 없으니까 (Gone Not Around Any Longer) ,씨스타19,4024692
2013,미친연애 (Bad Girl) (Feat. E-Sens Of 슈프림팀) ,범키,4130922
2013,으르렁 (Growl) ,EXO,4193337
2013,거북이 ,다비치,4047160
2013,GENTLEMAN ,싸이 (PSY),4085875
2013,"Officially Missing You, Too ",긱스 (Geeks),3946867
2013,봄봄봄 ,로이킴,4091105
2013,Touch Love ,윤미래,4221128
2013,아는사람 얘기 ,San E (산이),4192787
2013,U & I ,에일리(Ailee),4171462
2013,BAAAM (Feat. Muzie Of UV) ,다이나믹 듀오,4160246
2013,착해 빠졌어 (Stupid In Love) ,소유 (SOYOU),4237755
2013,빠빠빠 ,크레용팝,4148967
2013,녹는 중 (Feat. 버벌진트) ,다비치,4072715
2013,짧은머리 ,허각,4129672
2013,벚꽃 엔딩 ,버스커 버스커,3753304
2013,처음엔 사랑이란게 ,버스커 버스커,4252728
2013,오늘따라 보고싶어서 그래 ,다비치,4163613
2013,오늘 밤 (Feat. 배치기) ,린,4082435
2013,청혼하는 거예요 ,포맨 (4MEN),4108714
2013,Crescendo (크레셴도) ,AKMU (악뮤),4053240
2013,Love Blossom (러브블러썸) ,케이윌,4076051
2013,"씨스루 (Feat. Zion.T, 개코 Of 다이나믹듀오) ",프라이머리,3948908
2013,갖고놀래 (Feat. 다이나믹 듀오) ,범키,4205993
2013,삐딱하게 (Crooked) ,G-DRAGON,4232200
2013,I Love You ,AKMU (악뮤),4097003
2013,기대해 ,걸스데이,4054983
2013,안녕 나야 ,포맨 (4MEN),4021445
2013,분홍신 ,아이유,4268435
2013,나란놈이란 ,임창정,4249547
2013,Wash Away (Feat. 에일리) ,긱스 (Geeks),4100521
2013,니가 뭔데 (Who You?) ,G-DRAGON,4226211
2013,눈꽃 ,거미,4044859
2013,꼭 한번 만나고 싶다 ,바이브,4100925
2013,Bounce ,조용필,4089360
2013,I Got A Boy ,소녀시대 (GIRLS' GENERATION),4001331
2013,겨울사랑 ,The One (더원),4038857
2013,잘할 걸 ,버스커 버스커,4252726
2013,미치게 만들어 ,효린,4212782
2013,All Right ,림킴 (김예림),4144408
2013,어때 (Feat. 하림) ,긱스 (Geeks),4074419
2014,썸 (Feat. 릴보이 Of 긱스) ,소유 (SOYOU),4433490
2014,야생화 ,박효신,4543502
2014,"눈, 코, 입 ",태양,4671151
2014,금요일에 만나요 (Feat. 장이정 Of HISTORY) ,아이유,4369827
2014,한여름밤의 꿀 ,San E (산이),4681146
2014,봄 사랑 벚꽃 말고 ,HIGH4 (하이포),4579468
2014,Mr. Chu (On Stage) ,Apink (에이핑크),4562881
2014,너의 의미 (Feat. 김창완) ,아이유,4646573
2014,Something ,걸스데이,4383773
2014,200% ,AKMU (악뮤),4583482
2014,그대가 분다 ,엠씨더맥스 (M.C the MAX),4381724
2014,사람냄새 ,정인,4660909
2014,그 중에 그대를 만나 ,이선희,4544242
2014,Come Back Home ,2NE1,4478187
2014,짧은 치마 (Miniskirt) ,AOA,4400561
2014,너의 모든 순간 ,성시경,4446485
2014,너를 너를 너를 ,플라이 투 더 스카이,4639518
2014,신촌을 못가 ,포스트맨 (POSTMEN),4016085
2014,예뻐졌다 (Feat. 지코 Of Block B) ,박보람,4789747
2014,Touch My Body ,씨스타,4756304
2014,공허해 ,WINNER,4806686
2014,노래가 늘었어 ,에일리(Ailee),4383349
2014,너 사용법 ,에디킴,4586092
2014,N/A,윤민수(바이브),4582959
2014,안녕 ,효린,4412196
2014,감아 (Feat. Crush) ,로꼬,4527879
2014,Darling ,걸스데이,4734486
2014,나의 옛날이야기 ,아이유,4645220
2014,HER ,블락비 (Block B),4764928
2014,까탈레나 (Catallena) ,오렌지 캬라멜,4503810
2014,단발머리 (Short Hair) ,AOA,4693165
2014,너를 원해 (Feat. Beenzino) ,정기고,4603433
2014,중독 (Overdose) ,EXO-K,4633162
2014,너를 사랑해 ,윤미래,4843704
2014,나 왜이래 (Feat. 강민희 Of 미스에스) ,San E (산이),4665220
2014,흔한 노래 ,임창정,4512170
2014,보름달 (Feat. Lena) ,선미,4454382
2014,너 아님 안돼 ,2NE1,4478188
2014,Give Love ,AKMU (악뮤),4583481
2014,견딜만해 (Feat. 효린 Of 씨스타) ,매드클라운,4579474
2014,애타는 마음 ,울랄라세션,4711007
2014,손대지마 ,에일리(Ailee),5394265
2014,그런 남자 ,Bro,4535038
2014,자니 (Feat. Dynamic Duo) ,프라이머리,3726617
2014,My Destiny ,린,4375626
2014,연결고리#힙합 ,BOBBY,4854588
2014,오늘부터 1일 (Day 1) ,케이윌,4706174
2014,미운오리새끼 ,god,4635701
2014,이제 그만 싸우자 ,허각,4723861
2014,틈 ,소유 (SOYOU),5390701
2015,뱅뱅뱅 (BANG BANG BANG) ,BIGBANG (빅뱅),5719286
2015,같은 시간 속의 너 ,나얼,5576417
2015,꺼내 먹어요 ,Zion.T,5702706
2015,이럴거면 그러지말지 (Feat. Young K) ,백아연,5704397
2015,위잉위잉 ,혁오 (HYUKOH),5385974
2015,LOSER ,BIGBANG (빅뱅),5682700
2015,BAE BAE ,BIGBANG (빅뱅),5684826
2015,그냥 (Just) ,Zion.T,5572312
2015,양화대교 ,Zion.T,5389475
2015,우연히 봄 ,로꼬,5650996
2015,또 다시 사랑 ,임창정,7861392
2015,레옹 ,"이유 갓지(GOD G) 않은 이유 (박명수, 아이유)",5826461
2015,SHAKE IT ,씨스타,5748499
2015,와리가리 ,혁오 (HYUKOH),5713422
2015,위아래 ,EXID,4840271
2015,심쿵해 (Heart Attack) ,AOA,5748406
2015,겁 (Feat. 태양) ,MINO (송민호),5826447
2015,Puss (Prod.by 라이머) ,신지민,5634219
2015,다른 남자 말고 너 ,미쓰에이,5644636
2015,두사랑 (Feat. 매드클라운) ,다비치,5628083
2015,마음 ,아이유,5700639
2015,CALL ME BABY ,EXO,5644620
2015,Me You (Feat. 백예린 Of 15&) ,San E (산이),5674119
2015,그 남잔 말야 ,엠씨더맥스 (M.C the MAX),5668985
2015,목소리 ,노을,5536206
2015,음오아예 (Um Oh Ah Yeh) ,마마무 (Mamamoo),5743804
2015,사월의 눈 ,허각,5629186
2015,어머님이 누구니 (Feat. 제시) ,박진영,5658708
2015,취향저격 ,iKON,7854179
2015,야생화 ,박효신,4543502
2015,Ah Yeah ,EXID,5660040
2015,오늘부터 우리는 (Me Gustas Tu) ,여자친구 (GFRIEND),5791706
2015,화 (Feat. 진실 Of Mad Soul Child) (Fire) ,매드클라운,5531227
2015,I (Feat. 버벌진트) ,태연 (TAEYEON),7877917
2015,IF YOU ,BIGBANG (빅뱅),5760115
2015,바람이나 좀 쐐 (Feat. 우혜미) ,개리,7858908
2015,맙소사 ,"황태지 (황광희, 태양, 지드래곤)",5824839
2015,거북선 (Feat. 팔로알토) ,Ja Mezz,5804040
2015,금요일에 만나요 (Feat. 장이정 Of HISTORY) ,아이유,4369827
2015,우리 사랑하지 말아요 ,BIGBANG (빅뱅),5807274
2015,오빠차 ,인크레더블,5818522
2015,Oasis (Feat. ZICO) ,Crush,5771304
2015,또 운다 또 ,다비치,5555751
2015,LOVE ME RIGHT ,EXO,5721440
2015,어깨 ,소유 (SOYOU),7858989
2015,LUV ,Apink (에이핑크),5473905
2015,바라보기 ,엠씨더맥스 (M.C the MAX),5482064
2015,사랑 범벅 (Feat. 챈슬러 of the channels) ,MC몽,5610343
2015,광화문에서 (At Gwanghwamun) ,규현 (KYUHYUN),5458267
2015,My Type (Prod. By 버벌진트) ,제시 (Jessi),5592623
2016,CHEER UP ,TWICE (트와이스),8158031
2016,시간을 달려서 (Rough) ,여자친구 (GFRIEND),8028701
2016,어디에도 ,엠씨더맥스 (M.C the MAX),8033528
2016,널 사랑하지 않아 ,어반자카파,8199190
2016,이 사랑 ,다비치,8071102
2016,이 소설의 끝을 다시 써보려 해 ,한동근,5398990
2016,너는 나 나는 너 ,지코 (ZICO),8028724
2016,You Are My Everything ,거미,8089568
2016,OOH-AHH하게 ,TWICE (트와이스),7891119
2016,걱정말아요 그대 ,이적,7921208
2016,또 다시 사랑 ,임창정,7861392
2016,잊어버리지마 (Feat. 태연) ,Crush,8026677
2016,내가 저지른 사랑 ,임창정,9631530
2016,D (half moon) (Feat. 개코) ,DEAN,8109412
2016,넌 is 뭔들 ,마마무 (Mamamoo),8068881
2016,하늘바라기 (Feat. 하림) ,정은지,8148487
2016,우주를 줄게 ,볼빨간사춘기,9620469
2016,Boys And Girls (Feat. Babylon) ,지코 (ZICO),7911687
2016,ALWAYS ,윤미래,8053157
2016,오늘부터 우리는 (Me Gustas Tu) ,여자친구 (GFRIEND),5791706
2016,Day Day (Feat. 박재범) (Prod. by GRAY) ,BewhY (비와이),8261338
2016,Why So Lonely ,원더걸스,8254545
2016,돌아오지마 (Feat. 용준형 Of 비스트) ,헤이즈 (Heize),8143111
2016,Dream (Prod. by 박근태) ,수지 (Suzy),8005879
2016,봄이 좋냐?? ,10CM,8124417
2016,말해! 뭐해? ,케이윌,8102386
2016,Everytime ,첸 (CHEN),8067023
2016,Rain ,태연 (TAEYEON),8042553
2016,Forever (Prod. By GRAY) ,BewhY (비와이),8252408
2016,너 그리고 나 (NAVILLERA) ,여자친구 (GFRIEND),8262125
2016,한숨 ,이하이,8086947
2016,휘파람 ,BLACKPINK,8304594
2016,소녀 ,오혁,7942948
2016,그대라는 사치 ,한동근,9614761
2016,TT ,TWICE (트와이스),30054344
2016,유레카 (Feat. Zion.T) ,지코 (ZICO),7965449
2016,또 하루 (Feat. 개코) ,개리,7999021
2016,목요일 밤 (Feat. 빈지노) ,어반자카파,9613173
2016,쏘쏘 ,백아연,8189661
2016,다시 너를 ,매드클라운,8100402
2016,너였다면 ,정승환,8203900
2016,꿈처럼 ,벤,8174429
2016,러시안 룰렛 (Russian Roulette) ,Red Velvet (레드벨벳),9634954
2016,안아줘 ,정준일,3620493
2016,puzzle ,C JAMM,8308231
2016,I Like That ,씨스타,8236055
2016,숨 ,박효신,30011624
2016,The Time Goes On ,BewhY (비와이),5620266
2016,스토커 ,10CM,5466962
2016,니가 알던 내가 아냐 (Prod. By GRAY) ,사이먼 도미닉,8233291
2017,첫눈처럼 너에게 가겠다 ,에일리(Ailee),30190630
2017,밤편지 ,아이유,30314784
2017,좋니 ,윤종신,30486509
2017,좋다고 말해 ,볼빨간사춘기,30163110
2017,Marry Me ,마크툽 (MAKTUB),4786735
2017,비도 오고 그래서 (Feat. 신용재) ,헤이즈 (Heize),30492279
2017,팔레트 (Feat. G-DRAGON) ,아이유,30378156
2017,Beautiful ,Crush,30157753
2017,오늘 취하면 (Feat. 창모) (Prod. SUGA) ,SURAN (수란),30390068
2017,KNOCK KNOCK ,TWICE (트와이스),30261007
2017,REALLY REALLY ,WINNER,30341745
2017,봄날 ,방탄소년단,30244931
2017,오랜 날 오랜 밤 ,AKMU (악뮤),30181278
2017,우주를 줄게 ,볼빨간사춘기,9620469
2017,나만 안되는 연애 ,볼빨간사춘기,9620473
2017,남이 될 수 있을까 ,볼빨간사춘기,30468654
2017,사랑이 잘 (With 오혁) ,아이유,30349593
2017,선물 ,멜로망스,30514366
2017,마지막처럼 ,BLACKPINK,30481578
2017,매일 듣는 노래 (A Daily Song) ,황치열,30467550
2017,에라 모르겠다 ,BIGBANG (빅뱅),30147445
2017,널 너무 모르고 ,헤이즈 (Heize),30492276
2017,불장난 ,BLACKPINK,30069773
2017,빨간 맛 (Red Flavor) ,Red Velvet (레드벨벳),30512671
2017,Stay With Me ,찬열 (CHANYEOL),30132687
2017,New Face ,싸이 (PSY),30403590
2017,TT ,TWICE (트와이스),30054344
2017,처음부터 너와 나 ,볼빨간사춘기,30414090
2017,시차 (We Are) (Feat. 로꼬 & GRAY) ,우원재,30613202
2017,Rookie ,Red Velvet (레드벨벳),30227054
2017,오빠야 ,신현희와김루트,5605860
2017,SIGNAL ,TWICE (트와이스),30413326
2017,Decalcomanie (데칼코마니) ,마마무 (Mamamoo),30079086
2017,그대라는 사치 ,한동근,9614761
2017,"무제(無題) (Untitled, 2014) ",G-DRAGON,30461396
2017,부담이 돼 (Feat. 휘인 Of 마마무) ,정키,30290011
2017,BLUE MOON (Prod. GroovyRoom) ,효린,30367365
2017,가시나 ,선미,30587846
2017,"All I Wanna Do (K) (Feat. Hoody, Loco) ",박재범,30049271
2017,어디에도 ,엠씨더맥스 (M.C the MAX),8033528
2017,돌아오지마 (Feat. 용준형 Of 비스트) ,헤이즈 (Heize),8143111
2017,I LUV IT ,싸이 (PSY),30403589
2017,심술 ,볼빨간사춘기,8155478
2017,피 땀 눈물 ,방탄소년단,30029173
2017,D (half moon) (Feat. 개코) ,DEAN,8109412
2017,썸 탈꺼야 ,볼빨간사춘기,30657307
2017,얼굴 찌푸리지 말아요 ,하이라이트 (Highlight),30310862
2017,너였다면 ,정승환,8203900
2017,I Miss You ,소유 (SOYOU),30177818
2017,이 소설의 끝을 다시 써보려 해 ,한동근,5398990
2018,사랑을 했다 (LOVE SCENARIO) ,iKON,30859584
2018,그날처럼 ,장덕철,30755375
2018,"모든 날, 모든 순간 (Every day, Every Moment) ",폴킴,30962526
2018,지나오다 ,닐로(Nilo),30699142
2018,뿜뿜 ,모모랜드 (MOMOLAND),30816860
2018,뚜두뚜두 (DDU-DU DDU-DU) ,BLACKPINK,31131273
2018,선물 ,멜로망스,30514366
2018,Way Back Home ,숀 (SHAUN),31151836
2018,그때 헤어지면 돼 ,로이킴,30884950
2018,여행 ,볼빨간사춘기,31093710
2018,You ,멜로망스,30849733
2018,별이 빛나는 밤 ,마마무 (Mamamoo),30937275
2018,주지마 ,로꼬,31035061
2018,Roller Coaster ,청하,30844118
2018,My Way ,이수 (엠씨더맥스),30721801
2018,DNA ,방탄소년단,30637982
2018,가을 안부 ,먼데이 키즈 (Monday Kiz),30669593
2018,FAKE LOVE ,방탄소년단,31085237
2018,봄날 ,방탄소년단,30244931
2018,Dance The Night Away ,TWICE (트와이스),31175119
2018,꽃 길 ,BIGBANG (빅뱅),30948698
2018,밤편지 ,아이유,30314784
2018,열애중 ,벤,31062863
2018,미안해 ,양다일,30809895
2018,비행운 ,문문 (MoonMoon),30086173
2018,What is Love? ,TWICE (트와이스),31006730
2018,instagram ,DEAN,30806580
2018,그리워하다 ,비투비,30672529
2018,이 별 ,길구봉구,30637776
2018,Bad Boy ,Red Velvet (레드벨벳),30864993
2018,밤이 되니까 ,펀치 (Punch),30659630
2018,Forever Young ,BLACKPINK,31131274
2018,Beautiful ,Wanna One (워너원),30725482
2018,Heart Shaker ,TWICE (트와이스),30781481
2018,밤 (Time for the moon night) ,여자친구 (GFRIEND),31052421
2018,에너제틱 (Energetic) ,Wanna One (워너원),30568338
2018,좋니 ,윤종신,30486509
2018,하루도 그대를 사랑하지 않은 적이 없었다 ,임창정,31316695
2018,#첫사랑 ,볼빨간사춘기,30829858
2018,붕붕 (Feat. 식케이) (Prod. GroovyRoom) ,김하온 (HAON),31019584
2018,소나기 (Feat. 10cm) ,용준형,30970444
2018,비도 오고 그래서 (Feat. 신용재) ,헤이즈 (Heize),30492279
2018,1도 없어 ,Apink (에이핑크),31161280
2018,Universe ,EXO,30806536
2018,너 없인 안 된다 ,비투비,31133898
2018,삐삐 ,아이유,31346009
2018,all of my life ,박원,30550388
2018,넋두리 ,닐로(Nilo),9642570
2018,너나 해 (Egotistic) ,마마무 (Mamamoo),31189241
2018,주인공 ,선미,30838076
2019,사랑에 연습이 있었다면 (Prod. 2soo) ,임재현,31324607
2019,그때가 좋았어 ,케이시 (Kassy),31524320
2019,작은 것들을 위한 시 (Boy With Luv) (Feat. Halsey) ,방탄소년단,31737197
2019,넘쳐흘러 ,엠씨더맥스 (M.C the MAX),31532643
2019,"모든 날, 모든 순간 (Every day, Every Moment) ",폴킴,30962526
2019,너를 만나 ,폴킴,31388145
2019,사계 (Four Seasons) ,태연 (TAEYEON),31688205
2019,주저하는 연인들을 위해 ,잔나비,31666417
2019,니 소식 ,송하예,31788850
2019,오늘도 빛나는 너에게 (To You My Light) (Feat.이라온) ,마크툽 (MAKTUB),31853557
2019,벌써 12시 ,청하,31532438
2019,술이 문제야 ,장혜진,31870517
2019,옥탑방 (Rooftop) ,엔플라잉 (N.Flying),31532656
2019,달라달라 ,ITZY (있지),31606729
2019,노래방에서 ,장범준,31684636
2019,이 노래가 클럽에서 나온다면 ,우디 (Woody),31576009
2019,포장마차 ,황인욱,31873020
2019,"나만, 봄 ",볼빨간사춘기,31709523
2019,사계 (하루살이) ,엠씨더맥스 (M.C the MAX),31532642
2019,안녕 ,폴킴,31984204
2019,180도 ,벤,31477685
2019,너에게 못했던 내 마지막 말은 ,다비치,31804010
2019,신용재 ,하은 (포맨),31406357
2019,흔들리는 꽃들 속에서 네 샴푸향이 느껴진거야 ,장범준,32003395
2019,"어떻게 이별까지 사랑하겠어, 널 사랑하는 거지 ",AKMU (악뮤),32061975
2019,솔직하게 말해서 나 ,김나영,31854442
2019,사월이 지나면 우리 헤어져요 (Beautiful goodbye) ,첸 (CHEN),31706215
2019,FANCY ,TWICE (트와이스),31754579
2019,헤어져줘서 고마워 ,벤,31901475
2019,사랑이 식었다고 말해도 돼 ,먼데이 키즈 (Monday Kiz),31829536
2019,시든 꽃에 물을 주듯 ,HYNN (박혜원),31703498
2019,초록빛 ,폴킴,31565593
2019,기억해줘요 내 모든 날과 그때를 ,거미,31967064
2019,그대라는 시 ,태연 (TAEYEON),31938460
2019,Way Back Home ,숀 (SHAUN),31151836
2019,봄날 ,방탄소년단,30244931
2019,IDOL ,방탄소년단,31266290
2019,멍청이(twit) ,화사 (HWASA),31608765
2019,신청곡 (Feat. SUGA of BTS) ,이소라,31571110
2019,띵 (Prod. By 기리보이) ,Jvcki Wai,31554317
2019,너도 그냥 날 놓아주면 돼 ,윤건,31455159
2019,당신과는 천천히 ,장범준,31684634
2019,Kill This Love ,BLACKPINK,31717822
2019,이별하러 가는 길 ,임한별,31304766
2019,SOLO ,제니 (JENNIE),31417871
2019,비 ,폴킴,8235260
2019,내 생에 아름다운 ,케이윌,31373277
2019,YES or YES ,TWICE (트와이스),31403163
2019,Love Shot ,EXO,31492319
2019,Goodbye ,박효신,31777113
2020,아무노래 ,지코 (ZICO),32313543
2020,METEOR ,창모 (CHANGMO),32224272
2020,아로하 ,조정석,32491274
2020,흔들리는 꽃들 속에서 네 샴푸향이 느껴진거야 ,장범준,32003395
2020,에잇(Prod.&Feat. SUGA of BTS) ,아이유,32578498
2020,Blueming ,아이유,32183386
2020,늦은 밤 너의 집 앞 골목길에서 ,노을,32156286
2020,시작 ,가호 (Gaho),32345931
2020,작은 것들을 위한 시 (Boy With Luv) (Feat. Halsey) ,방탄소년단,31737197
2020,Psycho ,Red Velvet (레드벨벳),32273582
2020,"어떻게 이별까지 사랑하겠어, 널 사랑하는 거지 ",AKMU (악뮤),32061975
2020,Dynamite ,방탄소년단,32872978
2020,마음을 드려요 ,아이유,32378104
2020,처음처럼 ,엠씨더맥스 (M.C the MAX),32486613
2020,How You Like That ,BLACKPINK,32720013
2020,살짝 설렜어 (Nonstop) ,오마이걸 (OH MY GIRL),32559781
2020,ON ,방탄소년단,32399830
2020,오늘도 빛나는 너에게 (To You My Light) (Feat.이라온) ,마크툽 (MAKTUB),31853557
2020,Downtown Baby ,블루 (BLOO),30773554
2020,마리아 (Maria) ,화사 (HWASA),32725013
2020,어떻게 지내 (Prod. By VAN.C) ,오반,32438894
2020,"모든 날, 모든 순간 (Every day, Every Moment) ",폴킴,30962526
2020,다시 여기 바닷가 ,"싹쓰리 (유두래곤, 린다G, 비룡)",32790516
2020,Dolphin ,오마이걸 (OH MY GIRL),32559782
2020,사랑하게 될 줄 알았어 ,전미도,32614125
2020,안녕 ,폴킴,31984204
2020,그때 그 아인 ,김필,32377231
2020,취기를 빌려 (취향저격 그녀 X 산들) ,산들,32794652
2020,Love poem ,아이유,32143487
2020,HIP ,마마무 (Mamamoo),32175937
2020,우리 왜 헤어져야 해 ,신예영,32187544
2020,좋은 사람 있으면 소개시켜줘 ,조이 (JOY),32473998
2020,너를 사랑하고 있어 ,백현 (BAEKHYUN),32298623
2020,봄날 ,방탄소년단,30244931
2020,Black Swan ,방탄소년단,32323969
2020,Summer Hate (Feat. 비) ,지코 (ZICO),32734372
2020,나비와 고양이 (feat.백현 (BAEKHYUN)) ,볼빨간사춘기,32583036
2020,"다시 난, 여기 ",백예린 (Yerin Baek),32311870
2020,눈누난나 (NUNU NANA) ,제시 (Jessi),32825454
2020,돌덩이 ,하현우 (국카스텐),32361098
2020,오래된 노래 ,스탠딩 에그,3894276
2020,사랑이란 멜로는 없어 ,전상근,32034629
2020,반만 ,진민호,32224409
2020,시든 꽃에 물을 주듯 ,HYNN (박혜원),31703498
2020,너를 만나 ,폴킴,31388145
2020,Square (2017) ,백예린 (Yerin Baek),32243273
2020,FIESTA ,IZ*ONE (아이즈원),32381408
2020,덤더럼 (Dumhdurum) ,Apink (에이핑크),32528369
2020,"아마두 (feat.우원재, 김효은, 넉살, Huckleberry P) ",염따,32228058
2020,조금 취했어 (Prod. 2soo) ,임재현,32059630
2021,Celebrity ,아이유,33239419
2021,롤린 (Rollin') ,브레이브걸스,30287019
2021,Dynamite ,방탄소년단,32872978
2021,Next Level ,aespa,33487342
2021,라일락 ,아이유,33372781
2021,밤하늘의 별을(2020) ,경서,33061995
2021,신호등 ,이무진,33480898
2021,Butter ,방탄소년단,33507137
2021,내 손을 잡아 ,아이유,3414749
2021,밝게 빛나는 별이 되어 비춰줄게 ,송이한,33167063
2021,바라만 본다 ,MSG워너비(M.O.M),33625988
2021,잠이 오질 않네요 ,장범준,33013877
2021,헤픈 우연 ,헤이즈 (Heize),33503722
2021,Lovesick Girls ,BLACKPINK,32961718
2021,취기를 빌려 (취향저격 그녀 X 산들) ,산들,32794652
2021,VVS (Feat. JUSTHIS) (Prod. GroovyRoom) ,미란이 (MIRANI),33077590
2021,운전만해 (We Ride) ,브레이브걸스,32860397
2021,Dun Dun Dance ,오마이걸 (OH MY GIRL),33464805
2021,Blueming ,아이유,32183386
2021,에잇(Prod.&Feat. SUGA of BTS) ,아이유,32578498
2021,"어떻게 이별까지 사랑하겠어, 널 사랑하는 거지 ",AKMU (악뮤),32061975
2021,오래된 노래 ,스탠딩 에그,3894276
2021,흔들리는 꽃들 속에서 네 샴푸향이 느껴진거야 ,장범준,32003395
2021,그날에 나는 맘이 편했을까 ,이예준,33107649
2021,Life Goes On ,방탄소년단,33077234
2021,"모든 날, 모든 순간 (Every day, Every Moment) ",폴킴,30962526
2021,"LOVE DAY (2021) (바른연애 길잡이 X 양요섭, 정은지) ",양요섭,33331004
2021,나랑 같이 걸을래 (바른연애 길잡이 X 적재) ,적재,33011180
2021,작은 것들을 위한 시 (Boy With Luv) (Feat. Halsey) ,방탄소년단,31737197
2021,ASAP ,STAYC(스테이씨),33397561
2021,METEOR ,창모 (CHANGMO),32224272
2021,Timeless ,SG 워너비,1944399
2021,"사이렌 Remix (Feat. UNEDUCATED KID, Paul Blanco) ",호미들,33359725
2021,아로하 ,조정석,32491274
2021,Weekend ,태연 (TAEYEON),33655994
2021,Dolphin ,오마이걸 (OH MY GIRL),32559782
2021,봄날 ,방탄소년단,30244931
2021,Permission to Dance ,방탄소년단,33666269
2021,멜로디 ,ASH ISLAND,33315511
2021,추억은 만남보다 이별에 남아 ,정동하,33248758
2021,OHAYO MY NIGHT ,디핵 (D-Hack),32698101
2021,오늘도 빛나는 너에게 (To You My Light) (Feat.이라온) ,마크툽 (MAKTUB),31853557
2021,낙하 (with 아이유) ,AKMU (악뮤),33725775
2021,이제 나만 믿어요 ,임영웅,32508053
2021,사실 나는 (Feat.전건호) ,경서예지,32525311
2021,다정히 내 이름을 부르면 ,경서예지,33496587
2021,On The Ground ,로제 (ROSÉ),33346446
2021,힘든 건 사랑이 아니다 ,임창정,32998018
2021,어떻게 지내 (Prod. By VAN.C) ,오반,32438894
2021,이 밤을 빌려 말해요 (바른연애 길잡이 X 10CM) ,10CM,33229299
2022,LOVE DIVE ,IVE (아이브),34847378
2022,TOMBOY ,(여자)아이들,34754292
2022,취중고백 ,김민석 (멜로망스),34431086
2022,사랑인가 봐 ,멜로망스,34657844
2022,사랑은 늘 도망가 ,임영웅,34061322
2022,ELEVEN ,IVE (아이브),34349913
2022,봄여름가을겨울 (Still Life) ,BIGBANG (빅뱅),34845949
2022,다정히 내 이름을 부르면 ,경서예지,33496587
2022,That That (prod. & feat. SUGA of BTS) ,싸이 (PSY),34997078
2022,정이라고 하자 (Feat. 10CM) ,BIG Naughty (서동현),34927767
2022,신호등 ,이무진,33480898
2022,INVU ,태연 (TAEYEON),34626109
2022,"회전목마 (Feat. Zion.T, 원슈타인) (Prod. Slom) ",sokodomo,34256568
2022,Feel My Rhythm ,Red Velvet (레드벨벳),34772475
2022,Hype Boy ,NewJeans,35454426
2022,GANADARA (Feat. 아이유) ,박재범,34752700
2022,Attention ,NewJeans,35454425
2022,After LIKE ,IVE (아이브),35546497
2022,나의 X에게 ,경서,34943312
2022,그때 그 순간 그대로 (그그그) ,WSG워너비 (가야G),35383397
2022,LOVE me ,BE'O (비오),34875621
2022,Next Level ,aespa,33487342
2022,리무진 (Feat. MINO) (Prod. GRAY) ,BE'O (비오),34298499
2022,드라마 ,아이유,34481680
2022,strawberry moon ,아이유,34101563
2022,너의 모든 순간 ,성시경,4446485
2022,내가 아니라도 ,주호,34787226
2022,듣고 싶을까 ,MSG워너비(M.O.M),34701627
2022,너를 생각해 ,주시크 (Joosiq),33978183
2022,Dynamite ,방탄소년단,32872978
2022,보고싶었어 ,WSG워너비(4FIRE),35383398
2022,SMILEY (Feat. BIBI) ,YENA (최예나),34538515
2022,Weekend ,태연 (TAEYEON),33655994
2022,FEARLESS ,LE SSERAFIM (르세라핌),35009233
2022,Butter ,방탄소년단,33507137
2022,Pink Venom ,BLACKPINK,35542908
2022,언제나 사랑해 ,케이시 (Kassy),34599917
2022,밤하늘의 별을(2020) ,경서,33061995
2022,새삥 (Prod. ZICO) (Feat. 호미들) ,지코 (ZICO),35595136
2022,Counting Stars (Feat. Beenzino) ,BE'O (비오),34398735
2022,"모든 날, 모든 순간 (Every day, Every Moment) ",폴킴,30962526
2022,눈이 오잖아(Feat.헤이즈) ,이무진,34360855
2022,이제 나만 믿어요 ,임영웅,32508053
2022,OHAYO MY NIGHT ,디핵 (D-Hack),32698101
2022,내 손을 잡아 ,아이유,3414749
2022,Permission to Dance ,방탄소년단,33666269
2022,우리들의 블루스 ,임영웅,34908740
2022,바라만 본다 ,MSG워너비(M.O.M),33625988
2022,사건의 지평선 ,윤하 (YOUNHA),34819473
2022,Step Back ,GOT the beat,34494149
